feature,importance_rf
AT,0.500489637895884
V,0.3124599403481731
AP,0.12080901802253918
RH,0.06624140373340387
