Method,Coverage,Mean_Width,Quantile_Loss,NCIW,NIW,CRPS,AUC
PCS-PPI,0.8724409448818897,107879.57712909268,3817.978022519528,0.21347928849043554,0.1909373046532614,18602.86837416395,0.79586902487959
CQR,0.8976377952755905,104740.8352081149,3448.158618971396,0.1861833620654842,0.1853820092179025,18498.06666709583,0.28788803700335897
CLEAR,0.8913385826771654,95176.98473916212,3130.719693138778,0.17061311009598204,0.16845484024630464,17578.666971211373,0.34289953300509657
