Method,Coverage,Mean_Width,Quantile_Loss,NCIW,NIW,CRPS,AUC
PCS-PPI,0.8929133858267716,57593.81973699728,1922.1542108817987,0.10483387367963243,0.10193596413627837,10322.05183268823,0.2614896902269073
CQR,0.878740157480315,62398.40135783882,2194.228312587412,0.11668012640262891,0.11043964842095366,12051.091769356588,0.45416509831945656
CLEAR,0.8818897637795275,55910.124142721674,1923.4482109944256,0.10273573803345569,0.09895597193402066,10311.537541389795,0.2277784344020434
