feature,importance_rf
med_income,0.46503669722997104
lon,0.15767951025108123
lat,0.1481405736910111
population,0.05744734069153816
med_age,0.054926987725638025
total_rooms,0.0488408680132489
total_beds,0.035181664228589135
households,0.03274635816892247
