feature,importance_rf
a1,0.2398982717455993
a3,0.2346274994993045
a2,0.20724039820798976
a5,0.18156062932434935
a4,0.13667320122275714
