feature,importance_rf
frequency,0.48465717041064305
suction-side-displacement-thickness,0.1963082452862264
attack-angle,0.1461948535834897
chord-length,0.12840603803724382
free-stream-velocity,0.044433692682397066
